Marital_Group,female_avg_wage,male_avg_wage,gap_male_minus_female
Single,16.870554347826086,20.426016233766234,3.5554618859401472
Married,18.327380085003036,23.39798997638668,5.0706098913836435
