step_order,label,display_value,bar_start,bar_height,bar_end,color
1,Baseline Male Salary,100.0,0.0,100.0,100.0,#1f77b4
2,Systemic Gender Penalty,-14.344917116880318,100.0,-14.344917116880318,85.65508288311969,#d62728
3,Prior-Pay Anchoring Penalty,-1.9209370231435985,85.65508288311969,-1.9209370231435985,83.7341458599761,#ff9896
4,Final Female Salary,84.0097026838135,0.0,84.0097026838135,84.0097026838135,#ff7f0e
